"","coef","value"
"1","gamma",0
"2","lambda",0.00761274079170299
"3","rho",23.7953962766296
"4","theta",0
"5","phi",2.82221833238653e-22
